<?xml version="1.0"?>
<unload>
  <sys_script action="INSERT_OR_UPDATE">
    <action_delete>false</action_delete>
    <action_insert>false</action_insert>
    <action_update>true</action_update>
    <active>true</active>
    <collection>x_715792_pdi_1_to_do</collection>
    <name>LogItemChange</name>
    <order>100</order>
    <script><![CDATA[	
    const { showStatusUpdate } = require('./src/myfunction.js')
	  showStatusUpdate(current.getValue('status'), previous.getValue('status'))
]]></script>
    <sys_id>0cd376a943e849998c3c10f722be4934</sys_id>
    <sys_scope display_value="x_715792_pdi_1">1f46fa7c83310210039831b6feaad33e</sys_scope>
    <when>after</when>
  </sys_script>
</unload>