<?xml version="1.0"?>
<record_update>
  <sys_module action="INSERT_OR_UPDATE">
    <sys_scope>1f46fa7c83310210039831b6feaad33e</sys_scope>
    <path>x_715792_pdi_1/firstproject/0.0.1/src/myfunction.js</path>
    <external_source>false</external_source>
    <content><![CDATA[import { gs } from '@servicenow/glide'

export const showStatusUpdate = function (newStatus, oldStatus) {
    gs.addInfoMessage(`Record updated. Old Status: ${oldStatus}`)
    gs.addInfoMessage(`New Status: ${newStatus}`)
}
]]></content>
  </sys_module>
</record_update>